{"accuracy": [0.954882800579071, 0.9845269322395325, 0.9886502027511597, 0.9917317628860474, 0.9926432371139526, 0.9925346970558167, 0.9939019083976746, 0.9947265386581421, 0.9950737953186035, 0.9946397542953491, 0.9959418177604675, 0.9964843988418579, 0.9971354007720947, 0.9951605796813965, 0.9956163167953491, 0.9967013597488403, 0.9976779222488403], "loss": [0.15353044867515564, 0.04955443739891052, 0.03744935989379883, 0.027161044999957085, 0.0248761847615242, 0.024614816531538963, 0.02098739892244339, 0.01751992106437683, 0.014771724119782448, 0.01910095475614071, 0.012529570609331131, 0.011754648759961128, 0.008896294981241226, 0.017295250669121742, 0.01445397362112999, 0.011123552918434143, 0.005938089452683926], "val_accuracy": [0.9855034947395325, 0.9920138716697693, 0.9900173544883728, 0.9908854365348816, 0.9935764074325562, 0.9949652552604675, 0.9934027791023254, 0.9953992962837219, 0.9956597089767456, 0.9927083253860474, 0.9958333373069763, 0.9967882037162781, 0.9931423664093018, 0.9951388835906982, 0.9969618320465088, 0.99609375, 0.996006965637207], "val_loss": [0.043769605457782745, 0.02964780107140541, 0.030536463484168053, 0.031822092831134796, 0.02311595529317856, 0.01660657674074173, 0.022565025836229324, 0.018355421721935272, 0.0180696751922369, 0.022037802264094353, 0.014441633597016335, 0.010780132375657558, 0.02993272989988327, 0.023923397064208984, 0.011494890786707401, 0.016489554196596146, 0.01739228516817093]}